storeId,format,name,address,location,region,_REGION_ID_NUM
3188,ALVI,LA SERENA,AVENIDA 18 DE SEPTIEMBRE 4595,LA SERENA,COQUIMBO,4
724,UNIMARC,CARACOL,IGNACIO SERRANO 980,Tome,VIII Región del Bío-Bío,8
716,UNIMARC,LA VIOLETA,PEDRO AGUIRRE CERDA  602,Lota,VIII Región del Bío-Bío,8
763,UNIMARC,JUAN SOLER,AVDA JUAN SOLER MANFREDINI  51,Puerto Montt,X Región de Los Lagos,10
23,UNIMARC,LOS CARRERAS,LOS CARRERAS 479,Copiapo,III Región de Atacama,3
5,UNIMARC,LAS COMPAÑIAS,NICARAGUA  1571,La Serena,IV Región de Coquimbo,4
328,UNIMARC,GRAN AVENIDA I,AV JOSE MIGUEL CARRERA 5485,San Miguel,XIII Región Metropolitana,13
461,UNIMARC,ZENTENO AUSTRAL,CAPITAN GUILLERMO 05,Punta Arenas,XII Región de Magallanes y la Antártica Chilena,12
46,UNIMARC,CALAMA I,AV.GRANADEROS 3180,Calama,II Región de Antofagasta,2
464,UNIMARC,AGUIRRE CERDA AUSTRAL,AV.PEDRO AGUIRRE CERDA 413,Punta Arenas,XII Región de Magallanes y la Antártica Chilena,12
780,UNIMARC,VICTORIA,VICTORIA 367,Osorno,X Región de Los Lagos,10
441,UNIMARC,AYSEN,CARRERA 1500,Aysen,XI Región de Aysén del General Carlos Ibáñez del Campo,11
28,UNIMARC,PARQUE,AV. JOSE MIGUEL CARRERA 1527,Antofagasta,II Región de Antofagasta,2
474,UNIMARC,CHILLAN II,AVDA  5 DE ABRIL  754,Chillan,VIII Región del Bío-Bío,8
7,UNIMARC,VALLENAR I,BRASIL  663,Vallenar,III Región de Atacama,3
43,UNIMARC,BATUCO,AV. FRANCIA 640,Lampa,XIII Región Metropolitana,13
18,UNIMARC,EL SALVADOR,AV.BERNARDO O HIGGINS 115,Diego de Almagro,III Región de Atacama,3
458,UNIMARC,ESPAÑA AUSTRAL,AV. ESPAÑA 01375,Punta Arenas,XII Región de Magallanes y la Antártica Chilena,12
736,UNIMARC,EL VOLCAN,JUAN ANTONIO RIOS 3039,Coronel,VIII Región del Bío-Bío,8
36,UNIMARC,LAMPA,ARTURO PRAT  681,Lampa,XIII Región Metropolitana,13
14,UNIMARC,COPIAPO,AVDA HENRIQUEZ  523,Copiapo,III Región de Atacama,3
325,UNIMARC,IRARRAZAVAL,AV IRARRAZAVAL  4354,Ñuñoa,XIII Región Metropolitana,13
29,UNIMARC,GRAN VIA,AVDA. ANGAMOS 0159,Antofagasta,II Región de Antofagasta,2
85,UNIMARC,AMUNATEGUI,AMUNATEGUI  902,Iquique,I Región de Tarapacá,1
963,UNIMARC,FLORIDA,AV 18 DE SEP-AV LAS PARCELAS 5,La Serena,IV Región de Coquimbo,4
27,UNIMARC,PAMPINO,AV. SANTOS OSSA 2350,Antofagasta,II Región de Antofagasta,2
472,UNIMARC,CALDERA I,BATALLON ATACAMA 319,Caldera,III Región de Atacama,3
107,UNIMARC,BENAVENTE,BENAVENTE 221,Ovalle,IV Región de Coquimbo,4
395,UNIMARC,LAS PARCELAS,AVDA LAS PARCELAS  9001,Peñalolen,XIII Región Metropolitana,13
3,UNIMARC,OLMUE,DIEGO PORTALES  2090,Olmue,V Región de Valparaíso,5
105,UNIMARC,IQUIQUE CENTRO,TARAPACA  579,Iquique,I Región de Tarapacá,1
916,UNIMARC,PALOMA,VOLCAN PUNTIAGUDO 100,Puerto Montt,X Región de Los Lagos,10
24,UNIMARC,CHACABUCO,LOS CARRERAS  586,Copiapo,III Región de Atacama,3
50,UNIMARC,ILLAPEL I,CONSTITUCION 515,Illapel,IV Región de Coquimbo,4
22,UNIMARC,ATACAMA,LOS CARRERAS  2242,Copiapo,III Región de Atacama,3
340,UNIMARC,PRINCIPE DE GALES,PRINCIPE DE GALES 7271,La Reina,XIII Región Metropolitana,13
465,UNIMARC,PUERTO NATALES,BULNES 742,Punta Arenas,XII Región de Magallanes y la Antártica Chilena,12
331,UNIMARC,DIEGO PORTALES,AV PORTUGAL NÂ° 56,Santiago,XIII Región Metropolitana,13
21,UNIMARC,TANGUE,TANGUE  36,Ovalle,IV Región de Coquimbo,4
535,UNIMARC,RANCAGUA,DOCTOR SALINAS 115,Rancagua,VI Región del Libertador General Bernardo O Higgins,6
74,UNIMARC,HIGUERAS,LAS ARAUCARIAS  295,Talcahuano,VIII Región del Bío-Bío,8
343,UNIMARC,4 PONIENTE,4 PONIENTE 630,Viña del Mar,V Región de Valparaíso,5
726,UNIMARC,COIHUECO,BALMACEDA  546,Coihueco,VIII Región del Bío-Bío,8
26,UNIMARC,SANTOS OSSA,JOSE SANTOS OSSA  2421,Antofagasta,II Región de Antofagasta,2
111,UNIMARC,CALAMA II,ACONCAGUA 2588,Calama,II Región de Antofagasta,2
13,UNIMARC,LA TORRE,CARLOS PEZOA VELIZ 10-22 LOC 0,Antofagasta,II Región de Antofagasta,2
740,UNIMARC,HUALPEN,BULGARIA 2818,Hualpen,VIII Región del Bío-Bío,8
457,UNIMARC,LAUTARO NAVARRO AUSTRAL,LAUTARO NAVARRO 1293,Punta Arenas,XII Región de Magallanes y la Antártica Chilena,12
333,UNIMARC,LOS LEONES,GRAL JOSE ARTIGAS 3250,Ñuñoa,XIII Región Metropolitana,13
366,UNIMARC,VILLARRICA,GERONIMO DE ALDERETE 697,Villarrica,IX Región de la Araucanía,9
353,UNIMARC,JUAN ANTONIO RIOS,SALOMON SACK 351,Independencia,XIII Región Metropolitana,13
335,UNIMARC,SANTA MARIA,AV  SANTA MARIA 6940,Vitacura,XIII Región Metropolitana,13
723,UNIMARC,LAJA,BALMACEDA  62,Laja,VIII Región del Bío-Bío,8
97,UNIMARC,SALAMANCA,MANUEL BULNES  677,Coquimbo,IV Región de Coquimbo,4
510,UNIMARC,CAMILO HENRIQUEZ I,AVDA CAMILO HENRIQUEZ 445,Curico,VII Región del Maule,7
332,UNIMARC,1 NORTE,1 NORTE 869,Viña del Mar,V Región de Valparaíso,5
345,UNIMARC,CHILLAN,AV COLLIN 866,Chillan,VIII Región del Bío-Bío,8
77,UNIMARC,LOTA II,PEDRO AGUIRRE CERDA 684,Lota,VIII Región del Bío-Bío,8
526,UNIMARC,PITRUFQUEN,AV FRANCISCO BILBAO 476,Pitrufquen,IX Región de la Araucanía,9
536,UNIMARC,MOLINA II,AV LUIS CRUZ MARTINEZ 2016,Molina,VII Región del Maule,7
374,UNIMARC,NACIMIENTO,SAN MARTIN 560,Nacimiento,VIII Región del Bío-Bío,8
19,UNIMARC,BONILLA,HUAMACHUCO 8481 (8484),Antofagasta,II Región de Antofagasta,2
556,UNIMARC,LONTUE,AV 7 DE ABRIL  2069 (LOCAL B),Molina,VII Región del Maule,7
519,UNIMARC,TRAIGUEN,SANTA CRUZ 1170,Traiguen,IX Región de la Araucanía,9
673,UNIMARC,LA TORRE II,LA TORRE 2149,Calama,II Región de Antofagasta,2
16,UNIMARC,VALLENAR II,ARTURO PRAT 2350,Vallenar,III Región de Atacama,3
907,UNIMARC,TALCAHUANO BILBAO,BILBAO 477,Talcahuano,VIII Región del Bío-Bío,8
683,UNIMARC,METRO LO OVALLE,GRAN AVENIDA 6555,La Cisterna,XIII Región Metropolitana,13
476,UNIMARC,FRANCISCO BILBAO,AV FRANCISCO BILBAO 2050,Providencia,XIII Región Metropolitana,13
45,UNIMARC,2DA TRANSVERSAL MAIPU,SEGUNDA TRANSVERSAL 4090,Maipu,XIII Región Metropolitana,13
53,UNIMARC,SAN FELIPE,PORTUS 1248,San Felipe,V Región de Valparaíso,5
709,UNIMARC,MANQUIMAVIDA,MANUEL RODRIGUEZ 1500,Chiguayante,VIII Región del Bío-Bío,8
789,UNIMARC,FRUTILLAR III,ARTURO ALESSANDRI 381,Frutillar,X Región de Los Lagos,10
537,UNIMARC,VICTORIA I,PISAGUA 1354,Victoria,IX Región de la Araucanía,9
106,UNIMARC,LOS MOLLES,SANTIAGO POLANCO 2251,Iquique,I Región de Tarapacá,1
17,UNIMARC,LOS ALAMOS,LOS ALAMOS 580,Coquimbo,IV Región de Coquimbo,4
486,UNIMARC,CIUDAD DE LOS VALLES,AVDA EL CANAL 19591,Pudahuel,XIII Región Metropolitana,13
360,UNIMARC,RAMON FREIRE,AVDA PAJARITOS 1529,Maipu,XIII Región Metropolitana,13
782,UNIMARC,YUNGAY VALDIVIA,YUNGAY 420,Valdivia,XIV Región de Los Ríos,14
56,UNIMARC,LARAPINTA,AV.  LOS HALCONES  2180,Lampa,XIII Región Metropolitana,13
513,UNIMARC,TENO,AV.COMALLE 50,Teno,VII Región del Maule,7
25,UNIMARC,EL PALOMAR,AV. EL PALOMAR 1525,Copiapo,III Región de Atacama,3
581,UNIMARC,MIRADOR,AVDA VICUÑA MACKENNA 6331,La Florida,XIII Región Metropolitana,13
11,UNIMARC,ALTO PEÑUELAS,ALESSANDRI  531,Coquimbo,IV Región de Coquimbo,4
10,UNIMARC,TIL TIL,ARTURO PRATT  295,Tiltil,XIII Región Metropolitana,13
791,UNIMARC,VALDIVIA IV,AVDA FRANCIA 2651,Valdivia,XIV Región de Los Ríos,14
797,UNIMARC,RENCA,AV BRASIL  7085,Renca,XIII Región Metropolitana,13
326,UNIMARC,ESCUELA MILITAR,AV  APOQUINDO 4335,Las Condes,XIII Región Metropolitana,13
442,UNIMARC,COYHAIQUE,LAUTARO 331,Coihaique,XI Región de Aysén del General Carlos Ibáñez del Campo,11
553,UNIMARC,CHIMBARONGO,CARMEN LARRAIN 44,Chimbarongo,VI Región del Libertador General Bernardo O Higgins,6
583,UNIMARC,SAN JAVIER,BALMACEDA 1900,San Javier,VII Región del Maule,7
517,UNIMARC,CURICO TERMINAL,PRAT  733,Curico,VII Región del Maule,7
110,UNIMARC,TOCOPILLA II,POLICARPO TORO SN,Tocopilla,II Región de Antofagasta,2
336,UNIMARC,CONCEPCION I,CHACABUCO 70,Concepcion,VIII Región del Bío-Bío,8
469,UNIMARC,LOS MILITARES,AVDA MANQUEHUE NORTE 457,Las Condes,XIII Región Metropolitana,13
394,UNIMARC,ZAPADORES,ZAPADORES 1320,Conchali,XIII Región Metropolitana,13
965,UNIMARC,TALCA-1 NORTE,CALLE 1 NORTE 1570,Talca,VII Región del Maule,7
60,UNIMARC,LOS VILOS,CAUPOLICAN 584,Los Vilos,IV Región de Coquimbo,4
481,UNIMARC,DORSAL,AV.GUANACO 3100,Conchali,XIII Región Metropolitana,13
771,UNIMARC,MIRASOL,AVDA DE LA CRUZ 2006,Puerto Montt,X Región de Los Lagos,10
20,UNIMARC,BARQUITO,GABRILELA MISTRAL  602L,Chañaral,III Región de Atacama,3
34,UNIMARC,LA CHIMBA,PEDRO AGUIRRE CERDA  8700,Antofagasta,II Región de Antofagasta,2
911,UNIMARC,MAIPU 4 PONIENTE,4 PONIENTE 1197,Maipu,XIII Región Metropolitana,13
628,UNIMARC,CARTAGENA,AVDA.ARZOBISPO CASANOVA 306,Cartagena,V Región de Valparaíso,5
483,UNIMARC,SANTO DOMINGO,AV EL GOLF 6,Santo Domingo,V Región de Valparaíso,5
68,UNIMARC,BUIN,BALMACEDA  280,Buin,XIII Región Metropolitana,13
103,UNIMARC,VIVAR,VIVAR  786,Iquique,I Región de Tarapacá,1
686,UNIMARC,RANCAGUA KENNEDY,AVDA. KENNEDY 2235,Rancagua,VI Región del Libertador General Bernardo O Higgins,6
681,UNIMARC,ROTONDA ARICA,AVDA 18 SEPTIEMBRE 2501,Arica,XV Región de Arica y Parinacota,15
6,UNIMARC,SINDEMPART,AVDA. EL SAUCE  981,Coquimbo,IV Región de Coquimbo,4
459,UNIMARC,ALLENDE AUSTRAL,AV SALVADOR ALLENDE 0399,Punta Arenas,XII Región de Magallanes y la Antártica Chilena,12
49,UNIMARC,VICUÑA P19,AVDA. VICUÑA MACKENNA 9090,La Florida,XIII Región Metropolitana,13
745,UNIMARC,LOS LLEUQUES,AVDA. PDTE. EDUARDO FREI 162,Cañete,VIII Región del Bío-Bío,8
747,UNIMARC,SAN PEDRO DEL MAR,TUCAPEL 285,San Pedro de la Paz,VIII Región del Bío-Bío,8
327,UNIMARC,MANQUEHUE,AV MANQUEHUE 1700,Las Condes,XIII Región Metropolitana,13
35,UNIMARC,CURACAVI I,AVD OHIGGINS  1920,Curacavi,XIII Región Metropolitana,13
48,UNIMARC,OVIEDO CAVADA,CARLOS OVIEDO CAVADA  5319,Antofagasta,II Región de Antofagasta,2
764,UNIMARC,URMENETA,URMENETA 574,Puerto Montt,X Región de Los Lagos,10
717,UNIMARC,JARDIN DEL MAR,LOS SARGAZOS 1855,Viña del Mar,V Región de Valparaíso,5
445,UNIMARC,VILLA ALEMANA,AV VALPARAISO 1982,Villa Alemana,V Región de Valparaíso,5
910,UNIMARC,MAIPU CAMINO MELIPILLA,CAMINO A MELIPILLA 16850,Maipu,XIII Región Metropolitana,13
357,UNIMARC,GRECIA,AVDA GRECIA 320,Ñuñoa,XIII Región Metropolitana,13
324,UNIMARC,MACHALI,AV  MIGUEL RAMIREZ  1420,Rancagua,VI Región del Libertador General Bernardo O Higgins,6
466,UNIMARC,QUILLOTA III,SAN MARTIN 147,Quillota,V Región de Valparaíso,5
749,UNIMARC,EL CARMEN,ESMERALDA  550,El Carmen,VIII Región del Bío-Bío,8
30,UNIMARC,BALMACEDA,BALMACEDA 1350,La Serena,IV Región de Coquimbo,4
12,UNIMARC,CISTERNAS,REINALDO BOLTZ 1950,La Serena,IV Región de Coquimbo,4
355,UNIMARC,MANUEL MONTT,AVDA MANUEL MONTT 1097,Providencia,XIII Región Metropolitana,13
32,UNIMARC,CHAÑARCILLO,CHACABUCO  231,Copiapo,III Región de Atacama,3
912,UNIMARC,ROJAS MAGALLANES,ROJAS MAGALLANES 3638,La Florida,XIII Región Metropolitana,13
769,UNIMARC,CALBUCO,FEDERICO ERRAZURIZ 211,Calbuco,X Región de Los Lagos,10
710,UNIMARC,LOS HUERTOS,LAS VIOLETAS 1781 HUERTOS FAMI,San Pedro de la Paz,VIII Región del Bío-Bío,8
67,UNIMARC,CASABLANCA,CONSTITUCION 120,Casablanca,V Región de Valparaíso,5
956,UNIMARC,LOS DOMINICOS,PATAGONIA 99 LOCAL 3,Las Condes,XIII Región Metropolitana,13
347,UNIMARC,SILVA CARVALLO,AVDA SILVA CARVALLO  1414,Maipu,XIII Región Metropolitana,13
485,UNIMARC,EL QUISCO,JOSE NARCISO AGUIRRE 17,El Quisco,V Región de Valparaíso,5
714,UNIMARC,ETCHEVERS,ETCHEVERS ALTO   594,Viña del Mar,V Región de Valparaíso,5
754,UNIMARC,TEMUCO IV,AVDA JAVIERA CARRERA 1610,Temuco,IX Región de la Araucanía,9
979,UNIMARC,TALAGANTE OHIGGINS,OHIGGINS LOTE 1 2259,Talagante,XIII Región Metropolitana,13
477,UNIMARC,CURAUMA,AV OBISPO VALDES 1170,Valparaiso,V Región de Valparaíso,5
737,UNIMARC,HUALQUI,LA ARAUCANA 490,Hualqui,VIII Región del Bío-Bío,8
542,UNIMARC,LOS LAGOS II,QUINCHILCA  334,Los Lagos,XIV Región de Los Ríos,14
79,UNIMARC,CHIGUAYANTE,MANUEL RODRIGUEZ 785,Chiguayante,VIII Región del Bío-Bío,8
743,UNIMARC,CONCEPCION III,CAUPOLICAN  772,Concepcion,VIII Región del Bío-Bío,8
518,UNIMARC,LONCOCHE,BALMACEDA 389,Loncoche,IX Región de la Araucanía,9
525,UNIMARC,LAUTARO,BERNARDO O'HIGGINS 630,Lautaro,IX Región de la Araucanía,9
396,UNIMARC,QUINTERO,ESTRELLA DE CHILE 169,Quintero,V Región de Valparaíso,5
543,UNIMARC,PEUMO,SARMIENTO 393,Peumo,VI Región del Libertador General Bernardo O Higgins,6
777,UNIMARC,CENTRAL,PATRIO LYNCH 1278,Osorno,X Región de Los Lagos,10
468,UNIMARC,VALPARAISO,AV.BRASIL  1479,Valparaiso,V Región de Valparaíso,5
398,UNIMARC,CONSTITUCION I,VIAL  224,Constitucion,VII Región del Maule,7
773,UNIMARC,LLANQUIHUE,BAQUEDANO 612,Llanquihue,X Región de Los Lagos,10
602,UNIMARC,LOMAS DE SAN ANDRES,COSME CHURRUCA 75 LOCAL 21,Concepcion,VIII Región del Bío-Bío,8
674,UNIMARC,BRASILIA,BRASILIA 2386,Calama,II Región de Antofagasta,2
63,UNIMARC,RINCONADA,AV RINCONADA 1900,Maipu,XIII Región Metropolitana,13
482,UNIMARC,ABRAZO DE MAIPU,AV JORGE GUERRA 16190,Maipu,XIII Región Metropolitana,13
601,UNIMARC,CHIGUAYANTE II,AV 8 ORIENTE 720,Chiguayante,VIII Región del Bío-Bío,8
544,UNIMARC,PURRANQUE,ELEUTERIO RAMIREZ 549,Purranque,X Región de Los Lagos,10
788,UNIMARC,PANGUIPULLI,PEDRO DE VALDIVIA 115,Panguipulli,XIV Región de Los Ríos,14
41,UNIMARC,IGNACIO CARRERA PINTO,AV CAPITAN IGNACIO CARRERA 385,Ñuñoa,XIII Región Metropolitana,13
9,UNIMARC,COQUIMBO,FRANCISCO VARELA 1480,Coquimbo,IV Región de Coquimbo,4
82,UNIMARC,ALTO JAHUEL,MIRAFLORES 242,Buin,XIII Región Metropolitana,13
92,UNIMARC,LIMACHE,REPUBLICA  342,Limache,V Región de Valparaíso,5
51,UNIMARC,QUILLOTA I,O'HIGGINS 34,Quillota,V Región de Valparaíso,5
778,UNIMARC,ORIENTE,JULIO BUSCHMAN 2223,Osorno,X Región de Los Lagos,10
463,UNIMARC,BORIES AUSTRAL,BORIES 647,Punta Arenas,XII Región de Magallanes y la Antártica Chilena,12
352,UNIMARC,VILLA OLIMPICA,OBISPO ORREGO 1250,Ñuñoa,XIII Región Metropolitana,13
931,UNIMARC,CAMINO NOS,CAMINO NOS A LOS MORROS 565 F,San Bernardo,XIII Región Metropolitana,13
538,UNIMARC,LAS CABRAS,JOSE MIGUEL CARRERA 325,Las Cabras,VI Región del Libertador General Bernardo O Higgins,6
87,UNIMARC,JUAN MARTINEZ,MANUEL RODRIGUEZ 964,Iquique,I Región de Tarapacá,1
738,UNIMARC,COELEMU,CASTELLON 597,Coelemu,VIII Región del Bío-Bío,8
734,UNIMARC,YUMBEL,O'HIGGINS 620,Yumbel,VIII Región del Bío-Bío,8
752,UNIMARC,TEMUCO II,ANIBAL PINTO  72,Temuco,IX Región de la Araucanía,9
531,UNIMARC,MULCHEN,ANIBAL PINTO 777,Mulchen,VIII Región del Bío-Bío,8
926,UNIMARC,VITACURA VESPUCIO,AV VITACURA 4607,Vitacura,XIII Región Metropolitana,13
515,UNIMARC,CAUQUENES,CATEDRAL 215,Cauquenes,VII Región del Maule,7
33,UNIMARC,COVIEFI,AV.ARGENTINA  1910,Antofagasta,II Región de Antofagasta,2
703,UNIMARC,CORONEL II,MANUEL MONTT  398 (L001),Coronel,VIII Región del Bío-Bío,8
580,UNIMARC,PUDAHUEL,AV SAN PABLO 8315,Pudahuel,XIII Región Metropolitana,13
376,UNIMARC,LAS ANIMAS,BOMBERO CLASSING 204,Valdivia,XIV Región de Los Ríos,14
733,UNIMARC,CHILLAN VIEJO,AV. BERNARDO O'HIGGINS 2305,Chillan Viejo,VIII Región del Bío-Bío,8
958,UNIMARC,PORTUGAL,PORTUGAL 579,Santiago,XIII Región Metropolitana,13
913,UNIMARC,CHILLAN IV,5 DE ABRIL 864,Chillan,VIII Región del Bío-Bío,8
344,UNIMARC,CURICO ALAMEDA,ESTADO 43,Curico,VII Región del Maule,7
920,UNIMARC,BARRIO INGLES,AVENIDA LAS ENCINAS 02690,Temuco,IX Región de la Araucanía,9
903,UNIMARC,HUECHURABA FONTOVA,PEDRO FONTOVA 7626,Huechuraba,XIII Región Metropolitana,13
643,UNIMARC,LINDEROS,LONGITUDINAL SUR 4251 L 24,Buin,XIII Región Metropolitana,13
626,UNIMARC,EL MILAGRO,SANTIAGO DEL APOSTO 4063,La Serena,IV Región de Coquimbo,4
557,UNIMARC,ROMERAL,AV LIBERTAD 1124 (LOCAL  B),Romeral,VII Región del Maule,7
735,UNIMARC,CABRERO,GENERAL CRUZ  380,Cabrero,VIII Región del Bío-Bío,8
523,UNIMARC,SAN JOSE,JOSE PUCH 1100,Mariquina,XIV Región de Los Ríos,14
758,UNIMARC,TALCA IV,14 SUR 1310,Talca,VII Región del Maule,7
982,UNIMARC,TEMUCO ALEMANIA,AVENIDA ALEMANIA 849,Temuco,IX Región de la Araucanía,9
925,UNIMARC,PUERTO MONTT II,AVDA GABRIELA MISTRAL 900,Puerto Montt,X Región de Los Lagos,10
545,UNIMARC,SAGRADA FAMILIA,AV ESPERANZA 138,Sagrada Familia,VII Región del Maule,7
756,UNIMARC,TALCA III,2 SUR  1953,Talca,VII Región del Maule,7
624,UNIMARC,PUCHUNCAVI,AVDA PRESIDENTE RIOS 672,Puchuncavi,V Región de Valparaíso,5
766,UNIMARC,ALERCE,AVDA GABRIELA MISTRAL SN,Puerto Montt,X Región de Los Lagos,10
578,UNIMARC,ACHAO,DELICIAS 06,Quinchao,X Región de Los Lagos,10
512,UNIMARC,MOLINA I,AVDA LUIS CRUZ MARTINEZ 1314,Molina,VII Región del Maule,7
935,UNIMARC,SAN FELIPE ENCON,CALLE ENCON 500,San Felipe,V Región de Valparaíso,5
779,UNIMARC,BULNES II,RAMIREZ 699,Osorno,X Región de Los Lagos,10
62,UNIMARC,CARRASCAL,GONZALO BULNES 2407,Quinta Normal,XIII Región Metropolitana,13
511,UNIMARC,CAMILO HENRIQUEZ II,AVDA CAMILO HENRIQUEZ 655,Curico,VII Región del Maule,7
573,UNIMARC,OVALLE I,LIBERTAD 249,Ovalle,IV Región de Coquimbo,4
642,UNIMARC,LOS NOTROS,AV LOS NOTROS 1272,Puerto Montt,X Región de Los Lagos,10
529,UNIMARC,NUEVA IMPERIAL,ARTURO PRATT 246,Nueva Imperial,IX Región de la Araucanía,9
8,UNIMARC,RECOVA,BRASIL   715,La Serena,IV Región de Coquimbo,4
585,UNIMARC,LOS VOLCANES,LOS VOLCANES 585,Puerto Montt,X Región de Los Lagos,10
375,UNIMARC,ARAUCO,ARAUCO 697,Valdivia,XIV Región de Los Ríos,14
555,UNIMARC,GRANEROS,OBISPO RAFAEL INFANTE LIRA 042,Graneros,VI Región del Libertador General Bernardo O Higgins,6
550,UNIMARC,LLAY LLAY II,BALMACEDA 307,San Felipe,V Región de Valparaíso,5
914,UNIMARC,SAN PEDRO DE LA PAZ,CAMINO EL VENADO  1380,San Pedro de la Paz,VIII Región del Bío-Bío,8
586,UNIMARC,BUIN MAIPO,CAMINO BUIN MAIPO 3147,Buin,XIII Región Metropolitana,13
978,UNIMARC,SAN JOAQUIN,SANTA ROSA 5320,San Joaquin,XIII Región Metropolitana,13
78,UNIMARC,BELLAVISTA,LOS LLEUQUES 1540,Concepcion,VIII Región del Bío-Bío,8
923,UNIMARC,SANTA MARIA ARICA,AVDA SANTA MARIA  2465,Arica,XV Región de Arica y Parinacota,15
44,UNIMARC,LAS REJAS,LAS  REJAS SUR  1279,Estacion Central,XIII Región Metropolitana,13
600,UNIMARC,ALTO HOSPICIO II,RUTA A16 3350,Alto Hospicio,I Región de Tarapacá,1
939,UNIMARC,MARGA MARGA,DEL ALHELI 2011,Quilpue,V Región de Valparaíso,5
775,UNIMARC,PUERTO MONTT III,CHILLAN 65,Puerto Montt,X Región de Los Lagos,10
955,UNIMARC,SALAMANCA II,MANUEL BULNES  220,Salamanca,IV Región de Coquimbo,4
671,UNIMARC,LAS CONDES,AVDA.LAS CONDES 14791,Lo Barnechea,XIII Región Metropolitana,13
725,UNIMARC,QUILLON,CAYUMANQUI 495,Quillon,VIII Región del Bío-Bío,8
960,UNIMARC,TRONCAL SAN FRANCISCO,LAS NIEVES 02251,Puente Alto,XIII Región Metropolitana,13
96,UNIMARC,SAN FERNANDO I,BERNARDO O?HIGGINS 701,San Fernando,VI Región del Libertador General Bernardo O Higgins,6
58,UNIMARC,CONCHA Y TORO,AVDA CONCHA Y TORO 3193,Puente Alto,XIII Región Metropolitana,13
905,UNIMARC,VICENTE VALDES,VICUÑA MACKENA 7802,La Florida,XIII Región Metropolitana,13
625,UNIMARC,QUINTERO II,AVDA.NORMANDIE 2680,Quintero,V Región de Valparaíso,5
712,UNIMARC,SAN CARLOS II,IGNACIO SERRANO  500,San Carlos,VIII Región del Bío-Bío,8
86,UNIMARC,BILBAO,AV.FRANCISCO BILBAO 3545,Iquique,I Región de Tarapacá,1
959,UNIMARC,PUCON,AVDA BERNARDO OHIGGINS 774,Pucon,IX Región de la Araucanía,9
980,UNIMARC,MAIPU EL ROSAL,AVDA EL ROSAL 6361,Maipu,XIII Región Metropolitana,13
915,UNIMARC,ROTONDA,AVENIDA PARQUE INDUSTRIAL 450,Puerto Montt,X Región de Los Lagos,10
722,UNIMARC,LEBU,BULNES 130,Lebu,VIII Región del Bío-Bío,8
61,UNIMARC,SAN BERNARDO I,AV.PADRE HURTADO 13694,San Bernardo,XIII Región Metropolitana,13
744,UNIMARC,LOS ANGELES CARRERA,LOS CARRERA 1380,Los Angeles,VIII Región del Bío-Bío,8
532,UNIMARC,CURACAUTIN,BERNARDO O'HIGGINS 515,Curacautin,IX Región de la Araucanía,9
685,UNIMARC,LOS ANGELES SINAY,AVENIDA ALEMANIA 610,Los Angeles,VIII Región del Bío-Bío,8
80,UNIMARC,ANGOL I,AVENIDA O'HIGGINS 1257,Angol,IX Región de la Araucanía,9
54,UNIMARC,LOS ANDES,YERBAS BUENAS 460,Los Andes,V Región de Valparaíso,5
906,UNIMARC,TEMUCO CAUPOLICAN,AVENIDA CAUPOLICAN 0191,Temuco,IX Región de la Araucanía,9
621,UNIMARC,EL TABO,SAN MARCOS 1027,El Tabo,V Región de Valparaíso,5
475,UNIMARC,ESTADO,ESTADO 85,Santiago,XIII Región Metropolitana,13
75,UNIMARC,CONCEPCION II,TUCAPEL 1313,Concepcion,VIII Región del Bío-Bío,8
713,UNIMARC,GOMEZ CARREÑO,GOMEZ CARREÑO 3875,Talcahuano,VIII Región del Bío-Bío,8
633,UNIMARC,CHIMBARONGO II,GARCIAS REYES S/N,Chimbarongo,VI Región del Libertador General Bernardo O Higgins,6
47,UNIMARC,PLAZA,IGNACIO CARRERA PINTO 909,Antofagasta,II Región de Antofagasta,2
88,UNIMARC,LINARES I,MAIPU 556,Linares,VII Región del Maule,7
521,UNIMARC,COLLIPULLI,CRUZ  233,Collipulli,IX Región de la Araucanía,9
644,UNIMARC,RANCAGUA REPUBLICA,REPUBLICA DE CHILE 391,Rancagua,VI Región del Libertador General Bernardo O Higgins,6
520,UNIMARC,AV. ESPAÑA,AV. ESPAÑA 414,Curico,VII Región del Maule,7
767,UNIMARC,ANCUD III,COLO COLO  318,Ancud,X Región de Los Lagos,10
715,UNIMARC,ARAUCO II,COVADONGA 391,Arauco,VIII Región del Bío-Bío,8
732,UNIMARC,YUNGAY,ESMERALDA 211,Yungay,VIII Región del Bío-Bío,8
954,UNIMARC,REGIMIENTO ARICA,AV REGIMIENTO ARICA 6001,La Serena,IV Región de Coquimbo,4
957,UNIMARC,VALPARAISO PUERTO,AV. ERRAZURIZ 629,Valparaiso,V Región de Valparaíso,5
750,UNIMARC,CAÑETE,SAAVEDRA 525,Cañete,VIII Región del Bío-Bío,8
720,UNIMARC,CURANILAHUE,O'HIGGINS 101,Curanilahue,VIII Región del Bío-Bío,8
784,UNIMARC,LA UNION II,SERRANO 617,La Union,XIV Región de Los Ríos,14
746,UNIMARC,HUEPIL,ARTURO PRAT 500,Tucapel,VIII Región del Bío-Bío,8
76,UNIMARC,CORONEL,MANUEL MONTT 501,Coronel,VIII Región del Bío-Bío,8
748,UNIMARC,PEÑUELAS,AV DOS 35,Concepcion,VIII Región del Bío-Bío,8
541,UNIMARC,LOS LAGOS I,BALMACEDA NORTE 79,Los Lagos,XIV Región de Los Ríos,14
81,UNIMARC,LOMAS COLORADAS,LOS MAÑIOS 7045,San Pedro de la Paz,VIII Región del Bío-Bío,8
93,UNIMARC,SAN FERNANDO II,MANUEL RODRIGUEZ  954,San Fernando,VI Región del Libertador General Bernardo O Higgins,6
91,UNIMARC,COMBARBALA,COMERCIO 310,Coquimbo,IV Región de Coquimbo,4
901,UNIMARC,CALBUCO II,FEDERICO ERRAZURIZ 572,Calbuco,X Región de Los Lagos,10
909,UNIMARC,TEMUCO SAN MARTIN,SAN MARTIN 0675,Temuco,IX Región de la Araucanía,9
928,UNIMARC,PADRE LAS CASAS,MAQUEHUE 1244,Padre Las Casas,IX Región de la Araucanía,9
755,UNIMARC,TALCA II,AVDA CARLOS SCHORR 265,Talca,VII Región del Maule,7
721,UNIMARC,BULNES,CARLOSÂ  PALACIOS  NÂ° 151,Bulnes,VIII Región del Bío-Bío,8
787,UNIMARC,RIO BUENO II,PEDRO LAGOS 593,Rio Bueno,XIV Región de Los Ríos,14
645,UNIMARC,MEMBRILLAR,AVDA.MEMBRILLAR 10,Rancagua,VI Región del Libertador General Bernardo O Higgins,6
976,UNIMARC,MANUEL MONTT II,AVENIDA IRARRAZAVAL 1740,Ñuñoa,XIII Región Metropolitana,13
552,UNIMARC,SAN CLEMENTE,HUAMACHUCO 613,San Clemente,VII Región del Maule,7
760,UNIMARC,COLON,AVDA COLON 600,Los Angeles,VIII Región del Bío-Bío,8
554,UNIMARC,NANCAGUA,ARMADO JARAMILLO 152,Nancagua,VI Región del Libertador General Bernardo O Higgins,6
761,UNIMARC,MARCONI,AVDA MARCONI  1177,Los Angeles,VIII Región del Bío-Bío,8
71,UNIMARC,PENCO,FREIRE 699,Penco,VIII Región del Bío-Bío,8
770,UNIMARC,QUELLON II,LADRILLERO 460,Quellon,X Región de Los Lagos,10
902,UNIMARC,VILLA ALEMANA III,AVDA VALPARAISO 891,Villa Alemana,V Región de Valparaíso,5
953,UNIMARC,CONSISTORIAL,AV.CONSISTORIAL 2701,Peñalolen,XIII Región Metropolitana,13
786,UNIMARC,PAILLACO,ARTURO PRAT 688,Paillaco,XIV Región de Los Ríos,14
576,UNIMARC,CASTRO I,O HIGGINS 711,Castro,X Región de Los Lagos,10
59,UNIMARC,ILLAPEL II,INDEPENDENCIA 0104,Illapel,IV Región de Coquimbo,4
917,UNIMARC,LOS TRAPENSES,AV JOSE ALCALDE DELANO 10497,Lo Barnechea,XIII Región Metropolitana,13
962,UNIMARC,MORANDE,COMPAÑIA 1214,Santiago,XIII Región Metropolitana,13
641,UNIMARC,VICUÑA,CHACABUCO 302,Vicuña,IV Región de Coquimbo,4
966,UNIMARC,CORONEL III,LAUTARO  477,Coronel,VIII Región del Bío-Bío,8
759,UNIMARC,PORTAL,AVDA ALEMANIA  100,Los Angeles,VIII Región del Bío-Bío,8
961,UNIMARC,LA CHIMBA II,PEDRO AGUIRRE CERDA 11385,Antofagasta,II Región de Antofagasta,2
985,OK MARKET,OKM APOQUINDO,AVDA APOQUINDO 3039,Las Condes,XIII Región Metropolitana,13
163,OK MARKET,OKM UNAB CASONA,FERNANDEZ CONCHA 700,Las Condes,XIII Región Metropolitana,13
135,OK MARKET,OKM SUCRE,SALVADOR 1866,Providencia,XIII Región Metropolitana,13
950,OK MARKET,OKM ESCUELA MILITAR,AV APOQUINDO  4554,Las Condes,XIII Región Metropolitana,13
989,OK MARKET,OKM TOESCA,TOESCA 1844,Santiago,XIII Región Metropolitana,13
701,OK MARKET,OKM IRARRAZAVAL,AV IRARRAZAVAL 4949 LOCAL 6,Ñuñoa,XIII Región Metropolitana,13
614,OK MARKET,OKM CASTILLO VELASCO,CASTILLO VELASCO 5500,Ñuñoa,XIII Región Metropolitana,13
647,OK MARKET,OKM ELIECER PARADA,AV TOBALABA  4507  LOCAL 6,Ñuñoa,XIII Región Metropolitana,13
676,OK MARKET,OKM MIDDLETON,MIDDLETON 1690,Providencia,XIII Región Metropolitana,13
596,OK MARKET,OKM TOBALABA,NUEVA PROVIDENCIA 2671  LOCAL,Las Condes,XIII Región Metropolitana,13
793,OK MARKET,OKM BARROS,BARROS ARANA 1557,Concepcion,VIII Región del Bío-Bío,8
127,OK MARKET,OKM ROSARIO SUR,APOQUINDO 5697,Las Condes,XIII Región Metropolitana,13
137,OK MARKET,OKM JOSE DOMINGO CAÑAS,JOSE DOMINGO CAÑAS 2151,Ñuñoa,XIII Región Metropolitana,13
145,OK MARKET,OKM ABDON CIFUENTES,ALAMEDA 2168,Santiago,XIII Región Metropolitana,13
136,OK MARKET,OKM ELEUTERIO RAMIREZ,SAN FRANCISCO  355,Santiago,XIII Región Metropolitana,13
648,OK MARKET,OKM SUECIA,SUECIA 361,Providencia,XIII Región Metropolitana,13
160,OK MARKET,OKM JANUARIO OVALLE,JANUARIO OVALLE 362,Zapallar,V Región de Valparaíso,5
567,OK MARKET,OKM QUINCHAMALI,AV LAS CONDES 14151,Las Condes,XIII Región Metropolitana,13
609,OK MARKET,OKM CARMEN SYLVA,CARMEN SILVA 606,Providencia,XIII Región Metropolitana,13
991,OK MARKET,OKM MAYOR ABE,AV MACUL 2841,Macul,XIII Región Metropolitana,13
144,OK MARKET,OKM H. DE MAGALLANES,CRISTOBAL COLON 6560,Las Condes,XIII Región Metropolitana,13
114,OK MARKET,OKM LA CONCEPCION,LA CONCEPCION 145 LOCAL 3,Providencia,XIII Región Metropolitana,13
134,OK MARKET,OKM MORANDE,MORANDE   603,Santiago,XIII Región Metropolitana,13
990,OK MARKET,OKM MARCOLETA,DIAGONAL PARAGUAY 406 LOCAL 1A,Santiago,XIII Región Metropolitana,13
112,OK MARKET,OKM PLAZA EGAÑA,AVDA IRARRAZAVAL 5612,Ñuñoa,XIII Región Metropolitana,13
678,OK MARKET,OKM MARCHANT PEREIRA,MARCHANT PEREIRA 150 LOCAL 1 Y,Providencia,XIII Región Metropolitana,13
692,OK MARKET,OKM BENJAMIN RIESCO,BENJAMIN RIESCO 2965,Las Condes,XIII Región Metropolitana,13
156,OK MARKET,OKM MANUEL MONTT,MANUEL MONTT 434,Providencia,XIII Región Metropolitana,13
499,OK MARKET,OKM MANQUEHUE,AV MANQUEHUE SUR 1581,Las Condes,XIII Región Metropolitana,13
148,OK MARKET,OKM SOTERO DEL RIO,SOTERIO DEL RIO 322,Santiago,XIII Región Metropolitana,13
570,OK MARKET,OKM ISIDORA,ISIDORA GOYENECHEA 3601,Las Condes,XIII Región Metropolitana,13
140,OK MARKET,OKM METRO PLAZA MAIPU,AVDA PAJARITOS 1921,Maipu,XIII Región Metropolitana,13
986,OK MARKET,OKM METRO COLON,TOBALABA 1375,Providencia,XIII Región Metropolitana,13
143,OK MARKET,OKM SERRANO,SERRANO  294,Santiago,XIII Región Metropolitana,13
118,OK MARKET,OKM BORGOÑO,AVDA BORGOÑO 14768,Viña del Mar,V Región de Valparaíso,5
618,OK MARKET,OKM JORGE MATTE,JORGE MATTE 2645-2649-2655,Providencia,XIII Región Metropolitana,13
141,OK MARKET,OKM CHAMISERO,AVDA CHAMISERO 10290,Colina,XIII Región Metropolitana,13
999,OK MARKET,OKM MALL ARAUCO MAIPU,AVDA AMERICO VESPUCIO 399 LOCA,Maipu,XIII Región Metropolitana,13
152,OK MARKET,OKM PEDRO DE VALDIVIA,PEDRO DE VALDIVIA  3774,Ñuñoa,XIII Región Metropolitana,13
680,OK MARKET,OKM NUEVA LAS CONDES,AV PRESIDENTE RIESCO 5561 LOCA,Las Condes,XIII Región Metropolitana,13
565,OK MARKET,OKM MACUL,AV MACUL 3430 LOCAL 2,Macul,XIII Región Metropolitana,13
126,OK MARKET,OKM PORTUGAL,PORTUGAL 277,Santiago,XIII Región Metropolitana,13
120,OK MARKET,OKM REPUBLICA,REPUBLICA 48,Santiago,XIII Región Metropolitana,13
497,OK MARKET,OKM EL BOSQUE,AV EL BOSQUE NORTE 421 I GOYEN,Las Condes,XIII Región Metropolitana,13
157,OK MARKET,OKM HAMBURGO,"AV TOBALABA 5151, LOCAL 107",Ñuñoa,XIII Región Metropolitana,13
138,OK MARKET,OKM ALONSO DE CAMARGO,HERNANDO DE MAGALLANES  1275,Las Condes,XIII Región Metropolitana,13
594,OK MARKET,OKM NORUEGA,AV APOQUINDO 6314,Las Condes,XIII Región Metropolitana,13
667,OK MARKET,OKM LUIS CARRERA,LUIS CARRERA 2247,Vitacura,XIII Región Metropolitana,13
630,OK MARKET,OKM BROWN NORTE,AV IRARRAZAVAL 3674,Ñuñoa,XIII Región Metropolitana,13
479,OK MARKET,OKM CACHAGUA,CACHAGUA 100,Zapallar,V Región de Valparaíso,5
165,OK MARKET,OKM UNAB VIÑA,QUILLOTA 910,Viña del Mar,V Región de Valparaíso,5
568,OK MARKET,OKM EL RODEO,AV LA DEHESA 2035 LOCAL 3 Y 4,Lo Barnechea,XIII Región Metropolitana,13
695,OK MARKET,OKM NUEVA PROVIDENCIA,AVDA PEDRO DE VALDIVIA 18,Providencia,XIII Región Metropolitana,13
690,OK MARKET,OKM LOS INGLESES,CAMINO CHICUREO KM 2 S/N,Colina,XIII Región Metropolitana,13
617,OK MARKET,OKM MANUEL DE LA LASTRA,ALCALDE MANUEL DE LA LASTRA 25,La Reina,XIII Región Metropolitana,13
563,OK MARKET,OKM CHICUREO,AV CHICUREO LOTEO 2-C3 LOCAL D,Colina,XIII Región Metropolitana,13
606,OK MARKET,OKM SUBCENTRO,AV APOQUINDO  4411,Las Condes,XIII Región Metropolitana,13
635,OK MARKET,OKM CIUDAD EMPRESARIAL,AV SANTA CLARA  354  LOCAL 102,Huechuraba,XIII Región Metropolitana,13
495,OK MARKET,OKM ISABEL LA CATOLICA,AV AMERICO VESPUCIO SUR 1463,Las Condes,XIII Región Metropolitana,13
951,OK MARKET,OKM PROVIDENCIA,AV PROVIDENCIA 381,Providencia,XIII Región Metropolitana,13
490,OK MARKET,OKM SANTA BLANCA,AV JOSE ALCALDE DELANO 11293,Lo Barnechea,XIII Región Metropolitana,13
696,OK MARKET,OKM COQUIMBO,VICUÑA MACKENNA 869 LOCAL 4,Santiago,XIII Región Metropolitana,13
128,OK MARKET,OKM SIMON BOLIVAR,SIMON BOLIVAR 4800 L 101 Y 102,Ñuñoa,XIII Región Metropolitana,13
604,OK MARKET,OKM ALAMEDA,ALAMEDA 1881,Santiago,XIII Región Metropolitana,13
637,OK MARKET,OKM SAN DAMIAN,AVDA LAS CONDES 11700 LOC 103B,Vitacura,XIII Región Metropolitana,13
116,OK MARKET,OKM VECINAL,VECINAL 90  A1,Las Condes,XIII Región Metropolitana,13
595,OK MARKET,OKM GENERAL DEL CANTO,AV 11 DE SEPTIEMBRE 1363,Providencia,XIII Región Metropolitana,13
998,OK MARKET,OKM STRIP LARRAIN,LOS MAITENES 26  LOCAL B,La Reina,XIII Región Metropolitana,13
491,OK MARKET,OKM REÑACA,AV BORGOÑO 14410,Viña del Mar,V Región de Valparaíso,5
952,OK MARKET,OKM DIEGO PORTALES,DIEGO PORTALES 1001,Viña del Mar,V Región de Valparaíso,5
697,OK MARKET,OKM LAS LILAS,ELIODORO YAÑEZ  2881- 2885,Providencia,XIII Región Metropolitana,13
689,OK MARKET,OKM MERCED,SAN ANTONIO 412,Santiago,XIII Región Metropolitana,13
155,OK MARKET,OKM TEATINOS,TEATINOS 257,Santiago,XIII Región Metropolitana,13
149,OK MARKET,OKM LA CAPITANIA,LA CAPITANIA 45 ESQ APOQUINDO,Las Condes,XIII Región Metropolitana,13
131,OK MARKET,OKM EDIFICIO LAS ARTES,CERRO EL PLOMO 5680 PISO 11,Las Condes,XIII Región Metropolitana,13
139,OK MARKET,OKM CHACABUCO,CHACABUCO  1238 LOCAL 1,Concepcion,VIII Región del Bío-Bío,8
679,OK MARKET,OKM SANTA BEATRIZ,SANTA BEATRIZ 44,Providencia,XIII Región Metropolitana,13
147,OK MARKET,OKM ALMIRANTE PASTENE,ALMIRANTE PASTENE 185,Providencia,XIII Región Metropolitana,13
153,OK MARKET,OKM MALL PLAZA OESTE,AV AMERICO VESPUCIO 1501 LOCAL,Cerrillos,XIII Región Metropolitana,13
487,OK MARKET,OKM LAS CATALPAS,AV  VITACURA 3303 LOCAL 2,Vitacura,XIII Región Metropolitana,13
129,OK MARKET,OKM EXEQUIEL FERNANDEZ,EXEQUIEL FERNANDEZ 115,Ñuñoa,XIII Región Metropolitana,13
996,OK MARKET,OKM MAITENCILLO,CALLE CENTRAL 928,Puchuncavi,V Región de Valparaíso,5
619,OK MARKET,OKM AVENIDA PERU,AV PERU  805-831,Recoleta,XIII Región Metropolitana,13
142,OK MARKET,OKM METRO CHILE ESPAÑA,AVDA JOSE PEDRO ALESSANDRI 30,Ñuñoa,XIII Región Metropolitana,13
987,OK MARKET,OKM CATEDRAL TEATINOS,CATEDRAL 1288,Santiago,XIII Región Metropolitana,13
796,OK MARKET,OKM ACACIOS,LOS ACACIOS 96,San Pedro de la Paz,VIII Región del Bío-Bío,8
494,OK MARKET,OKM JUAN MOYA,AV IRARRAZAVAL 4123 LOCAL 2,Ñuñoa,XIII Región Metropolitana,13
125,OK MARKET,OKM SAN DIEGO,SAN DIEGO  369 L1,Santiago,XIII Región Metropolitana,13
150,OK MARKET,OKM LINCOYAN,OHIGGINS 437,Concepcion,VIII Región del Bío-Bío,8
496,OK MARKET,OKM SAN PASCUAL,AV APOQUINDO 4671,Las Condes,XIII Región Metropolitana,13
133,OK MARKET,OKM WARREN SMITH,WARREN SMITH  28,Las Condes,XIII Región Metropolitana,13
121,OK MARKET,OKM LUIS THAYER OJEDA,LUIS THAYER OJEDA 20,Providencia,XIII Región Metropolitana,13
166,OK MARKET,OKM AIEP SAN JOAQUIN,VICUÑA MACKENNA 4865,San Joaquin,XIII Región Metropolitana,13
146,OK MARKET,OKM MARTIN DE ZAMORA,MARTIN DE ZAMORA 5278,Las Condes,XIII Región Metropolitana,13
122,OK MARKET,OKM LAS HUALTATAS,LUIS CARRERA 1330 LOCAL 4-5 Y,Vitacura,XIII Región Metropolitana,13
119,OK MARKET,OKM MIRAFLORES,MERCED 602,Santiago,XIII Región Metropolitana,13
159,OK MARKET,OKM METRO MATTA,SANTA ROSA 1080 LOC 2,Santiago,XIII Región Metropolitana,13
698,OK MARKET,OKM SANTA ISABEL,SANTA ISABEL 1131,Providencia,XIII Región Metropolitana,13
173,OK MARKET,OKM UDLA A VARAS,ANTONIO VARAS 929,Providencia,XIII Región Metropolitana,13
154,OK MARKET,OKM TOLEDO,PEDRO DE VALDIVIA 1221 - 1227,Providencia,XIII Región Metropolitana,13
623,OK MARKET,OKM CHESTERTON,CHESTERTON 8125,Las Condes,XIII Región Metropolitana,13
997,OK MARKET,OKM CARMEN - STA ISABEL,CARMEN 464,Santiago,XIII Región Metropolitana,13
612,OK MARKET,OKM ELIODORO YAÑEZ,AV PROVIDENCIA  753-759-763,Providencia,XIII Región Metropolitana,13
113,OK MARKET,OKM STRIP SAN FRANCISCO,SAN FRANCISCO 521,Santiago,XIII Región Metropolitana,13
615,OK MARKET,OKM STRIP OSSA,AV OSSA 345  LOCAL 5,La Reina,XIII Región Metropolitana,13
171,OK MARKET,OKM AIEP GRAJALES,GRAJALES 2550,Santiago,XIII Región Metropolitana,13
616,OK MARKET,OKM EYZAGUIRRE,SAN DIEGO 560,Santiago,XIII Región Metropolitana,13
620,OK MARKET,OKM ANTONIO VARAS,AV ANTONIO VARAS 2284,Providencia,XIII Región Metropolitana,13
492,OK MARKET,OKM VIÑA DEL MAR,AV LIBERTAD 800,Viña del Mar,V Región de Valparaíso,5
162,OK MARKET,OKM UNAB REPUBLICA,REPUBLICA 252,Santiago,XIII Región Metropolitana,13
631,OK MARKET,OKM ENCOMENDEROS,SAN SEBASTIAN 2701 ENCOMENDERO,Las Condes,XIII Región Metropolitana,13
694,OK MARKET,OKM NATANIEL COX,TARAPACA 1324 ESQ NATANIEL COX,Santiago,XIII Región Metropolitana,13
562,OK MARKET,OKM COLON,AV CRISTOBAL COLON 4317,Las Condes,XIII Región Metropolitana,13
608,OK MARKET,OKM RECREO I,MANUEL RODRIGUEZ 1701 RECREO,Viña del Mar,V Región de Valparaíso,5
668,OK MARKET,OKM HUINGANAL II,HUINGANAL 2042,Lo Barnechea,XIII Región Metropolitana,13
639,OK MARKET,OKM ESMERALDA,ESMERALDA 1077,Valparaiso,V Región de Valparaíso,5
699,OK MARKET,OKM EL PARQUE,AV DEL PARQUE 4023 CIUDAD EMPR,Huechuraba,XIII Región Metropolitana,13
636,OK MARKET,OKM PLAZA ITALIA,AV PROVIDENCIA  085,Providencia,XIII Región Metropolitana,13
158,OK MARKET,OKM GRAN AVENIDA,GRAN AVENIDA 5001,San Miguel,XIII Región Metropolitana,13
792,OK MARKET,OKM VILLUCO,CAMINO A CHIGUAYANTE 3857,Chiguayante,VIII Región del Bío-Bío,8
992,OK MARKET,OKM VICUÑA MACKENNA ORIENTE,VICUÑA MACKENNA ORIENTE 7491,La Florida,XIII Región Metropolitana,13
693,OK MARKET,OKM DIEGO DE ALMAGRO,EL BOSQUE 2108 ESQ DIEGO DE AL,Providencia,XIII Región Metropolitana,13
488,OK MARKET,OKM LA REINA,AV CARLOS OSSANDON 1300,La Reina,XIII Región Metropolitana,13
123,OK MARKET,OKM FCO NOGUERA,FRANCISCO NOGUERA 36,Providencia,XIII Región Metropolitana,13
988,OK MARKET,OKM ARMANDO JARAMILLO,VITACURA 3595,Vitacura,XIII Región Metropolitana,13
611,OK MARKET,OKM QUINTA,AV QUINTA 149,Viña del Mar,V Región de Valparaíso,5
560,OK MARKET,OKM ROSARIO NORTE,ROSARIO NORTE 530 LOCALES 104-,Las Condes,XIII Región Metropolitana,13
3017,MAYORISTA 10,M10 OVALLE I,BENAVENTE 427,Ovalle,IV Región de Coquimbo,4
3008,MAYORISTA 10,M10 VALPARAISO,PEDRO MONTT 2585,Valparaiso,V Región de Valparaíso,5
3020,MAYORISTA 10,M10 LOS ANGELES,AVDA SOR VECENTA 2141,Los Angeles,VIII Región del Bío-Bío,8
3014,MAYORISTA 10,M10 SAN FERNANDO,CHILLAN 745,San Fernando,VI Región del Libertador General Bernardo O Higgins,6
3043,MAYORISTA 10,M10 SAN BERNARDO II,BULNES 550,San Bernardo,XIII Región Metropolitana,13
3059,MAYORISTA 10,M10 PORTALES,PORTALES ORIENTE 1701,San Bernardo,XIII Región Metropolitana,13
3047,MAYORISTA 10,M10 VALDIVIA,PICARTE 2593,Valdivia,XIV Región de Los Ríos,14
3168,MAYORISTA 10,M10 TEMUCO V,MIRAFLORES 1230,Temuco,IX Región de la Araucanía,9
3021,MAYORISTA 10,M10 RANCAGUA II,AVDA BRASIL 1016,Rancagua,VI Región del Libertador General Bernardo O Higgins,6
3169,MAYORISTA 10,M10 LINARES,BRASIL 646-648,Linares,VII Región del Maule,7
3032,MAYORISTA 10,M10 SAN PABLO II,AVDA SAN PABLO 8537,Pudahuel,XIII Región Metropolitana,13
3035,MAYORISTA 10,M10 JM CARO,BUENAVENTURA CA CENTRAL,Lo Espejo,XIII Región Metropolitana,13
3037,MAYORISTA 10,M10 LA UNION,ESMERALDA 751,La Union,XIV Región de Los Ríos,14
3007,MAYORISTA 10,M10 EL BELLOTO,BADEN POWELL 36 EL BELLOTO,Quilpue,V Región de Valparaíso,5
3003,MAYORISTA 10,M10 PUERTO MONTT,PRESIDENTE IBAÑEZ 316,Puerto Montt,X Región de Los Lagos,10
3051,MAYORISTA 10,M10 PAJARITOS II,GLADYS MARIN 6664,Estacion Central,XIII Región Metropolitana,13
3064,MAYORISTA 10,M10 SAN DIEGO,SAN DIEGO 2115,Santiago,XIII Región Metropolitana,13
3001,MAYORISTA 10,M10 CURICO,CAMILO HENRIQUEZ 898,Curico,VII Región del Maule,7
3162,MAYORISTA 10,M10 PUENTE ALTO ll,AVDA CONCHA Y TORO 4115,Puente Alto,XIII Región Metropolitana,13
3030,MAYORISTA 10,M10 EYZAGUIRRE,EYZAGUIRRE 3208,Puente Alto,XIII Región Metropolitana,13
3019,MAYORISTA 10,M10 ANGOL,AVDA. OHHIGGINS 1815,Angol,IX Región de la Araucanía,9
3041,MAYORISTA 10,M10 SAN FELIPE,SANTO DOMINGO 111,San Felipe,V Región de Valparaíso,5
3026,MAYORISTA 10,M10 CHILLAN ARTURO PRAT,ARTURO PRAT 879,Chillan,VIII Región del Bío-Bío,8
3045,MAYORISTA 10,M10 OVALLE II,VICTORIA 435,Ovalle,IV Región de Coquimbo,4
3044,MAYORISTA 10,M10 SAN VICENTE,AV ESPAÑA ESQ GENARO LISBOA,San Vicente,VI Región del Libertador General Bernardo O Higgins,6
3058,MAYORISTA 10,M10 SAN LUIS,SAN LUIS MACUL 5171,Macul,XIII Región Metropolitana,13
3023,MAYORISTA 10,M10 LOS ANDES,AVDA.SANTA TERESA 254,Los Andes,V Región de Valparaíso,5
3170,MAYORISTA 10,M10 21 DE MAYO,CALLE 21 DE MAYO 819,Santiago,XIII Región Metropolitana,13
3009,MAYORISTA 10,M10 MAIPU,5 DE ABRIL 338,Maipu,XIII Región Metropolitana,13
3055,MAYORISTA 10,M10 ROJAS MAGALLANES,ROJAS MAGALLANES 1856,La Florida,XIII Región Metropolitana,13
3068,MAYORISTA 10,M10 RANCAGUA III,AV BRASIL 1064,Rancagua,VI Región del Libertador General Bernardo O Higgins,6
3031,MAYORISTA 10,M10 COLINA,GENERAL SAN MARTIN 381,Colina,XIII Región Metropolitana,13
3052,MAYORISTA 10,M10 LA TRAVESIA,TENIENTE CRUZ 530,Pudahuel,XIII Región Metropolitana,13
3046,MAYORISTA 10,M10 VICUÑA MACKENNA,AVDA SERAFIN ZAMORA 127,La Florida,XIII Región Metropolitana,13
3057,MAYORISTA 10,M10 MARATHON,MARATHON 3073,Macul,XIII Región Metropolitana,13
3160,MAYORISTA 10,M10 MAIPU III,CAMINO A MELIPILLA 18400,Maipu,XIII Región Metropolitana,13
3013,MAYORISTA 10,M10 SAN BERNARDO I,AV PORTALES ESQ GRAL URRUT 244,San Bernardo,XIII Región Metropolitana,13
3062,MAYORISTA 10,M10 GABRIELA,GABRIELA ORIENTE 0651,Puente Alto,XIII Región Metropolitana,13
3015,MAYORISTA 10,M10 LA CISTERNA,GRAN AVENIDA 9150,La Cisterna,XIII Región Metropolitana,13
3029,MAYORISTA 10,M10 LA FLORIDA,SAN JOSE DE LA ESTRELLA 1392,La Florida,XIII Región Metropolitana,13
3049,MAYORISTA 10,M10 VILLA ALEMANA,AVENIDA VALPARAISO 517,Villa Alemana,V Región de Valparaíso,5
3010,MAYORISTA 10,M10 PAJARITOS,AVDA GLADYS MARIN 6480,Estacion Central,XIII Región Metropolitana,13
3164,MAYORISTA 10,M10 CONCEPCION,LOS CARRERA N 637,Concepcion,VIII Región del Bío-Bío,8
3063,MAYORISTA 10,M10 SAN MARTIN,SAN MARTIN 426 - 460,San Bernardo,XIII Región Metropolitana,13
3061,MAYORISTA 10,M10 GRAN AVENIDA,GRAN AVENIDA 6060,San Miguel,XIII Región Metropolitana,13
3053,MAYORISTA 10,M10 CERRILLOS,AMERICO VESPUCIO 1601,Cerrillos,XIII Región Metropolitana,13
3024,MAYORISTA 10,M10 PEÑAFLOR,21 DE MAYO 4287,Peñaflor,XIII Región Metropolitana,13
3166,MAYORISTA 10,M10 HUALPEN II,NUEVA IMPERIAL 133,Hualpen,VIII Región del Bío-Bío,8
3027,MAYORISTA 10,M10 CHILLAN I RIQUELME,ISABEL RIQUELME 959,Chillan,VIII Región del Bío-Bío,8
3042,MAYORISTA 10,M10 LA CALERA,CARRERA 949,La Calera,V Región de Valparaíso,5
3033,MAYORISTA 10,M10 SAN JOAQUIN,LLICO 456,San Joaquin,XIII Región Metropolitana,13
3028,MAYORISTA 10,M10 LO PRADO,SAN PABLO 6702,Lo Prado,XIII Región Metropolitana,13
3048,MAYORISTA 10,M10 SAN ANTONIO,PEDRO MONTT 148  -  166,San Antonio,V Región de Valparaíso,5
3022,MAYORISTA 10,M10 TEMUCO II,PEDRO DE VALDIVIA 02285,Temuco,IX Región de la Araucanía,9
3143,MAYORISTA 10,M10 TEMUCO IV,FRANCISCO SALAZAR  1650,Temuco,IX Región de la Araucanía,9
3036,MAYORISTA 10,M10 HUALPEN,COLON 7948,Hualpen,VIII Región del Bío-Bío,8
3056,MAYORISTA 10,M10 STA ROSA,SANTA ROSA 7576,La Granja,XIII Región Metropolitana,13
3039,MAYORISTA 10,M10 RECOLETA,EL SALTO 2506,Recoleta,XIII Región Metropolitana,13
3040,MAYORISTA 10,M10 TEMUCO III,AVENIDA PINTO 172,Temuco,IX Región de la Araucanía,9
3054,MAYORISTA 10,M10 CAMILO HENRIQUEZ,CAMILO HENRIQUEZ 5239,Puente Alto,XIII Región Metropolitana,13
3167,MAYORISTA 10,M10 TOME,IGNACIO SERRANO 908,Tome,VIII Región del Bío-Bío,8
3038,MAYORISTA 10,M10 MAIPU II,2 NORTE 1373,Maipu,XIII Región Metropolitana,13
3163,MAYORISTA 10,M10 CAÑETE,SAAVEDRA 955,Cañete,VIII Región del Bío-Bío,8
3018,MAYORISTA 10,M10 BUIN,AVDA MANUEL RODRIGUEZ  312,Buin,XIII Región Metropolitana,13
3069,MAYORISTA 10,M10 SANTA CRUZ,SAN FURGO 66,Santa Cruz,VI Región del Libertador General Bernardo O Higgins,6
3034,MAYORISTA 10,M10 RENGO,ARTURO PRAT 607,Rengo,VI Región del Libertador General Bernardo O Higgins,6
3090,ALVI,ALVI QUILICURA,AV SAN MARTIN 030,Quilicura,XIII Región Metropolitana,13
3187,ALVI,ALVI TALCA ALAMEDA,3 1/2 Nte. NORTE 1749,Talca,VII Región del Maule,7
3181,ALVI,ALVI TTE. CRUZ,TENIENTE CRUZ 570,Pudahuel,XIII Región Metropolitana,13
3080,ALVI,ALVI INDEPENDENCIA,INDEPENDENCIA 4154,Conchali,XIII Región Metropolitana,13
3094,ALVI,ALVI RANCAGUA,BOMBERO RUIDIAZ 040,Rancagua,VI Región del Libertador General Bernardo O Higgins,6
3071,ALVI,ALVI PUENTE ALTO,EYZAGUIRRE 2909,Puente Alto,XIII Región Metropolitana,13
3077,ALVI,ALVI LA PINTANA,AV SANTA ROSA 13218,La Pintana,XIII Región Metropolitana,13
3078,ALVI,ALVI VESPUCIO,AV SANTA ROSA 9267,San Ramon,XIII Región Metropolitana,13
3076,ALVI,ALVI DEPARTAMENTAL,SANTA ROSA 5780,San Joaquin,XIII Región Metropolitana,13
3085,ALVI,ALVI BELLOTO,AV FREIRE 1515,Quilpue,V Región de Valparaíso,5
3075,ALVI,ALVI LINARES,JANUARIO ESPINOZA 903,Linares,VII Región del Maule,7
3084,ALVI,ALVI PEÑALOLEN,AV GRECIA 7310,Peñalolen,XIII Región Metropolitana,13
3074,ALVI,ALVI RECOLETA,RECOLETA 1750,Recoleta,XIII Región Metropolitana,13
3183,ALVI,ALVI SAN BERNARDO,PADRE HURTADO 14529,San Bernardo,XIII Región Metropolitana,13
3088,ALVI,ALVI PUERTO MONTT,AV PRESIDENTE IBAÑEZ 507,Puerto Montt,X Región de Los Lagos,10
3086,ALVI,ALVI TEMUCO,BALMACEDA 1583,Temuco,IX Región de la Araucanía,9
3093,ALVI,ALVI COQUIMBO,JUAN ANTONIO RIOS 1165,Coquimbo,IV Región de Coquimbo,4
3073,ALVI,ALVI RENCA,AV CAUPOLICAN 1340,Renca,XIII Región Metropolitana,13
3199,ALVI,ALVI CANASTA INSTITUCIONAL,PEDRO AGUIRRE CERDA 8455,Cerrillos,XIII Región Metropolitana,13
3072,ALVI,ALVI SAN PABLO,AV SAN PABLO 8685,Pudahuel,XIII Región Metropolitana,13
3099,ALVI,ALVI VALPARAISO,YUNGAY 2602,Valparaiso,V Región de Valparaíso,5
3097,ALVI,ALVI LO PRADO,AV SAN PABLO 5660,Lo Prado,XIII Región Metropolitana,13
3083,ALVI,ALVI MAIPU,AV PAJARITOS 1637 1613,Maipu,XIII Región Metropolitana,13
3092,ALVI,ALVI PAJARITOS,AV PAJARITOS 5100,Maipu,XIII Región Metropolitana,13
3180,ALVI,ALVI TALAGANTE 21 DE MAYO,21 DE MAYO 1081,Talagante,XIII Región Metropolitana,13
3091,ALVI,ALVI CHILLAN,ISABEL RIQUELME 1001,Chillan,VIII Región del Bío-Bío,8
3082,ALVI,ALVI CONCHA Y TORO,AV CONCHA Y TORO 3088,Puente Alto,XIII Región Metropolitana,13
3096,ALVI,ALVI LOS ANGELES,VILLAGRAN 471,Los Angeles,VIII Región del Bío-Bío,8
3098,ALVI,ALVI LAS CONDES,AV LAS CONDES 11097,Las Condes,XIII Región Metropolitana,13
3089,ALVI,ALVI CONCEPCION,LOS CARRERA 555,Concepcion,VIII Región del Bío-Bío,8
3079,ALVI,ALVI JJ PEREZ,JOSE JOAQUIN PEREZ 6658,Cerro Navia,XIII Región Metropolitana,13
3081,ALVI,ALVI EL BOSQUE,GRAN AVENIDA 13059,El Bosque,XIII Región Metropolitana,13
3172,ALVI,ALVI OSORNO,CHILLAN 637,Osorno,X Región de Los Lagos,10
3087,ALVI,ALVI TALCA TERMINAL,1 SUR 1990,Talca,VII Región del Maule,7
3193,ALVI,ALVI TOBALABA,AV. TOBALABA 11855 LOCAL B,SANTIAGO,XIII Región Metropolitana,13
